neighborhood,borough
Clinton,Manhattan
SoHo-TriBeCa-Civic Center-Little Italy,Manhattan
park-cemetery-etc-Manhattan,Manhattan
Fort Greene,Brooklyn
Hudson Yards-Chelsea-Flatiron-Union Square,Manhattan
Fort Greene,Brooklyn
Bedford,Brooklyn
West Village,Manhattan
SoHo-TriBeCa-Civic Center-Little Italy,Manhattan
Brooklyn Heights-Cobble Hill,Brooklyn
DUMBO-Vinegar Hill-Downtown Brooklyn-Boerum Hill,Brooklyn
SoHo-TriBeCa-Civic Center-Little Italy,Manhattan
Lower East Side,Manhattan
park-cemetery-etc-Manhattan,Manhattan
Brooklyn Heights-Cobble Hill,Brooklyn
West Village,Manhattan
Turtle Bay-East Midtown,Manhattan
Hudson Yards-Chelsea-Flatiron-Union Square,Manhattan
Midtown-Midtown South,Manhattan
Murray Hill-Kips Bay,Manhattan
Hudson Yards-Chelsea-Flatiron-Union Square,Manhattan
Brooklyn Heights-Cobble Hill,Brooklyn
DUMBO-Vinegar Hill-Downtown Brooklyn-Boerum Hill,Brooklyn
West Village,Manhattan
park-cemetery-etc-Manhattan,Manhattan
Turtle Bay-East Midtown,Manhattan
West Village,Manhattan
East Village,Manhattan
East Village,Manhattan
West Village,Manhattan
Fort Greene,Brooklyn
Fort Greene,Brooklyn
Fort Greene,Brooklyn
Clinton Hill,Brooklyn
Fort Greene,Brooklyn
West Village,Manhattan
SoHo-TriBeCa-Civic Center-Little Italy,Manhattan
SoHo-TriBeCa-Civic Center-Little Italy,Manhattan
park-cemetery-etc-Manhattan,Manhattan
park-cemetery-etc-Manhattan,Manhattan
West Village,Manhattan
West Village,Manhattan
park-cemetery-etc-Manhattan,Manhattan
Clinton Hill,Brooklyn
Battery Park City-Lower Manhattan,Manhattan
Battery Park City-Lower Manhattan,Manhattan
DUMBO-Vinegar Hill-Downtown Brooklyn-Boerum Hill,Brooklyn
Fort Greene,Brooklyn
Battery Park City-Lower Manhattan,Manhattan
Chinatown,Manhattan
Midtown-Midtown South,Manhattan
park-cemetery-etc-Manhattan,Manhattan
Fort Greene,Brooklyn
Fort Greene,Brooklyn
Clinton Hill,Brooklyn
SoHo-TriBeCa-Civic Center-Little Italy,Manhattan
DUMBO-Vinegar Hill-Downtown Brooklyn-Boerum Hill,Brooklyn
West Village,Manhattan
Midtown-Midtown South,Manhattan
North Side-South Side,Brooklyn
West Village,Manhattan
West Village,Manhattan
Clinton Hill,Brooklyn
Lower East Side,Manhattan
West Village,Manhattan
Chinatown,Manhattan
Gramercy,Manhattan
DUMBO-Vinegar Hill-Downtown Brooklyn-Boerum Hill,Brooklyn
East Village,Manhattan
Lower East Side,Manhattan
park-cemetery-etc-Manhattan,Manhattan
Battery Park City-Lower Manhattan,Manhattan
Turtle Bay-East Midtown,Manhattan
Lower East Side,Manhattan
park-cemetery-etc-Manhattan,Manhattan
SoHo-TriBeCa-Civic Center-Little Italy,Manhattan
DUMBO-Vinegar Hill-Downtown Brooklyn-Boerum Hill,Brooklyn
Chinatown,Manhattan
Chinatown,Manhattan
park-cemetery-etc-Brooklyn,Brooklyn
Battery Park City-Lower Manhattan,Manhattan
park-cemetery-etc-Manhattan,Manhattan
East Village,Manhattan
Battery Park City-Lower Manhattan,Manhattan
park-cemetery-etc-Manhattan,Manhattan
DUMBO-Vinegar Hill-Downtown Brooklyn-Boerum Hill,Brooklyn
DUMBO-Vinegar Hill-Downtown Brooklyn-Boerum Hill,Brooklyn
Fort Greene,Brooklyn
Gramercy,Manhattan
East Village,Manhattan
Battery Park City-Lower Manhattan,Manhattan
SoHo-TriBeCa-Civic Center-Little Italy,Manhattan
park-cemetery-etc-Manhattan,Manhattan
Lower East Side,Manhattan
Lower East Side,Manhattan
Hudson Yards-Chelsea-Flatiron-Union Square,Manhattan
West Village,Manhattan
West Village,Manhattan
Lower East Side,Manhattan
Lower East Side,Manhattan
Lower East Side,Manhattan
park-cemetery-etc-Brooklyn,Brooklyn
Bedford,Brooklyn
West Village,Manhattan
SoHo-TriBeCa-Civic Center-Little Italy,Manhattan
Lower East Side,Manhattan
Lower East Side,Manhattan
Battery Park City-Lower Manhattan,Manhattan
Fort Greene,Brooklyn
Clinton Hill,Brooklyn
park-cemetery-etc-Manhattan,Manhattan
Lower East Side,Manhattan
West Village,Manhattan
Turtle Bay-East Midtown,Manhattan
Battery Park City-Lower Manhattan,Manhattan
Chinatown,Manhattan
Midtown-Midtown South,Manhattan
Battery Park City-Lower Manhattan,Manhattan
Clinton Hill,Brooklyn
Fort Greene,Brooklyn
Turtle Bay-East Midtown,Manhattan
West Village,Manhattan
West Village,Manhattan
Bedford,Brooklyn
Bedford,Brooklyn
park-cemetery-etc-Manhattan,Manhattan
SoHo-TriBeCa-Civic Center-Little Italy,Manhattan
Midtown-Midtown South,Manhattan
West Village,Manhattan
West Village,Manhattan
Turtle Bay-East Midtown,Manhattan
park-cemetery-etc-Manhattan,Manhattan
park-cemetery-etc-Manhattan,Manhattan
Hudson Yards-Chelsea-Flatiron-Union Square,Manhattan
North Side-South Side,Brooklyn
DUMBO-Vinegar Hill-Downtown Brooklyn-Boerum Hill,Brooklyn
Brooklyn Heights-Cobble Hill,Brooklyn
DUMBO-Vinegar Hill-Downtown Brooklyn-Boerum Hill,Brooklyn
Lower East Side,Manhattan
Lower East Side,Manhattan
Clinton Hill,Brooklyn
Fort Greene,Brooklyn
Carroll Gardens-Columbia Street-Red Hook,Brooklyn
Clinton Hill,Brooklyn
Lower East Side,Manhattan
Chinatown,Manhattan
Hudson Yards-Chelsea-Flatiron-Union Square,Manhattan
East Village,Manhattan
West Village,Manhattan
Brooklyn Heights-Cobble Hill,Brooklyn
Chinatown,Manhattan
Chinatown,Manhattan
Lower East Side,Manhattan
Chinatown,Manhattan
Battery Park City-Lower Manhattan,Manhattan
Fort Greene,Brooklyn
SoHo-TriBeCa-Civic Center-Little Italy,Manhattan
DUMBO-Vinegar Hill-Downtown Brooklyn-Boerum Hill,Brooklyn
Fort Greene,Brooklyn
Clinton Hill,Brooklyn
Fort Greene,Brooklyn
Lincoln Square,Manhattan
Clinton,Manhattan
Battery Park City-Lower Manhattan,Manhattan
Battery Park City-Lower Manhattan,Manhattan
East Village,Manhattan
Hudson Yards-Chelsea-Flatiron-Union Square,Manhattan
Hudson Yards-Chelsea-Flatiron-Union Square,Manhattan
Clinton Hill,Brooklyn
Bedford,Brooklyn
East Village,Manhattan
East Village,Manhattan
Turtle Bay-East Midtown,Manhattan
Midtown-Midtown South,Manhattan
North Side-South Side,Brooklyn
East Village,Manhattan
Hudson Yards-Chelsea-Flatiron-Union Square,Manhattan
Clinton,Manhattan
Hudson Yards-Chelsea-Flatiron-Union Square,Manhattan
Clinton,Manhattan
Hudson Yards-Chelsea-Flatiron-Union Square,Manhattan
Turtle Bay-East Midtown,Manhattan
Turtle Bay-East Midtown,Manhattan
Midtown-Midtown South,Manhattan
Hudson Yards-Chelsea-Flatiron-Union Square,Manhattan
North Side-South Side,Brooklyn
Gramercy,Manhattan
Hudson Yards-Chelsea-Flatiron-Union Square,Manhattan
Turtle Bay-East Midtown,Manhattan
Midtown-Midtown South,Manhattan
Hudson Yards-Chelsea-Flatiron-Union Square,Manhattan
Park Slope-Gowanus,Brooklyn
Midtown-Midtown South,Manhattan
Midtown-Midtown South,Manhattan
Hudson Yards-Chelsea-Flatiron-Union Square,Manhattan
North Side-South Side,Brooklyn
Murray Hill-Kips Bay,Manhattan
Chinatown,Manhattan
Midtown-Midtown South,Manhattan
Murray Hill-Kips Bay,Manhattan
Midtown-Midtown South,Manhattan
Hudson Yards-Chelsea-Flatiron-Union Square,Manhattan
Clinton,Manhattan
Clinton,Manhattan
North Side-South Side,Brooklyn
Hudson Yards-Chelsea-Flatiron-Union Square,Manhattan
East Village,Manhattan
Midtown-Midtown South,Manhattan
Midtown-Midtown South,Manhattan
Midtown-Midtown South,Manhattan
Stuyvesant Town-Cooper Village,Manhattan
Hudson Yards-Chelsea-Flatiron-Union Square,Manhattan
Hudson Yards-Chelsea-Flatiron-Union Square,Manhattan
Midtown-Midtown South,Manhattan
Midtown-Midtown South,Manhattan
Hudson Yards-Chelsea-Flatiron-Union Square,Manhattan
Clinton,Manhattan
Hudson Yards-Chelsea-Flatiron-Union Square,Manhattan
Hudson Yards-Chelsea-Flatiron-Union Square,Manhattan
Lincoln Square,Manhattan
Midtown-Midtown South,Manhattan
Turtle Bay-East Midtown,Manhattan
Lower East Side,Manhattan
Gramercy,Manhattan
Stuyvesant Town-Cooper Village,Manhattan
Midtown-Midtown South,Manhattan
Murray Hill-Kips Bay,Manhattan
Clinton,Manhattan
Hudson Yards-Chelsea-Flatiron-Union Square,Manhattan
Clinton,Manhattan
Hudson Yards-Chelsea-Flatiron-Union Square,Manhattan
Clinton,Manhattan
Turtle Bay-East Midtown,Manhattan
Murray Hill-Kips Bay,Manhattan
Murray Hill-Kips Bay,Manhattan
Turtle Bay-East Midtown,Manhattan
Hudson Yards-Chelsea-Flatiron-Union Square,Manhattan
Midtown-Midtown South,Manhattan
Murray Hill-Kips Bay,Manhattan
Clinton,Manhattan
Lincoln Square,Manhattan
Chinatown,Manhattan
North Side-South Side,Brooklyn
Midtown-Midtown South,Manhattan
Battery Park City-Lower Manhattan,Manhattan
Murray Hill-Kips Bay,Manhattan
North Side-South Side,Brooklyn
Murray Hill-Kips Bay,Manhattan
Stuyvesant Town-Cooper Village,Manhattan
Murray Hill-Kips Bay,Manhattan
DUMBO-Vinegar Hill-Downtown Brooklyn-Boerum Hill,Brooklyn
North Side-South Side,Brooklyn
Stuyvesant Town-Cooper Village,Manhattan
park-cemetery-etc-Manhattan,Manhattan
Battery Park City-Lower Manhattan,Manhattan
Chinatown,Manhattan
park-cemetery-etc-Manhattan,Manhattan
Murray Hill-Kips Bay,Manhattan
Turtle Bay-East Midtown,Manhattan
Clinton,Manhattan
Lenox Hill-Roosevelt Island,Manhattan
North Side-South Side,Brooklyn
Crown Heights North,Brooklyn
Crown Heights North,Brooklyn
Stuyvesant Heights,Brooklyn
Stuyvesant Heights,Brooklyn
Stuyvesant Heights,Brooklyn
Bedford,Brooklyn
Bedford,Brooklyn
Clinton Hill,Brooklyn
Stuyvesant Heights,Brooklyn
Stuyvesant Heights,Brooklyn
Bedford,Brooklyn
Stuyvesant Heights,Brooklyn
Bedford,Brooklyn
Bedford,Brooklyn
Bedford,Brooklyn
Stuyvesant Heights,Brooklyn
Stuyvesant Heights,Brooklyn
Bedford,Brooklyn
Bedford,Brooklyn
Bedford,Brooklyn
Bedford,Brooklyn
Stuyvesant Heights,Brooklyn
Bedford,Brooklyn
Bedford,Brooklyn
Bedford,Brooklyn
Bushwick South,Brooklyn
Williamsburg,Brooklyn
East Williamsburg,Brooklyn
East Williamsburg,Brooklyn
East Williamsburg,Brooklyn
Bushwick South,Brooklyn
Williamsburg,Brooklyn
East Williamsburg,Brooklyn
North Side-South Side,Brooklyn
North Side-South Side,Brooklyn
North Side-South Side,Brooklyn
East Williamsburg,Brooklyn
North Side-South Side,Brooklyn
East Williamsburg,Brooklyn
North Side-South Side,Brooklyn
East Williamsburg,Brooklyn
East Williamsburg,Brooklyn
North Side-South Side,Brooklyn
North Side-South Side,Brooklyn
North Side-South Side,Brooklyn
East Williamsburg,Brooklyn
East Williamsburg,Brooklyn
North Side-South Side,Brooklyn
Greenpoint,Brooklyn
North Side-South Side,Brooklyn
North Side-South Side,Brooklyn
Greenpoint,Brooklyn
Greenpoint,Brooklyn
North Side-South Side,Brooklyn
Greenpoint,Brooklyn
Greenpoint,Brooklyn
Greenpoint,Brooklyn
Greenpoint,Brooklyn
Greenpoint,Brooklyn
Greenpoint,Brooklyn
Greenpoint,Brooklyn
Greenpoint,Brooklyn
Greenpoint,Brooklyn
Hunters Point-Sunnyside-West Maspeth,Queens
Hunters Point-Sunnyside-West Maspeth,Queens
Hunters Point-Sunnyside-West Maspeth,Queens
Hunters Point-Sunnyside-West Maspeth,Queens
Hunters Point-Sunnyside-West Maspeth,Queens
Hunters Point-Sunnyside-West Maspeth,Queens
Hunters Point-Sunnyside-West Maspeth,Queens
Hunters Point-Sunnyside-West Maspeth,Queens
Hunters Point-Sunnyside-West Maspeth,Queens
Queensbridge-Ravenswood-Long Island City,Queens
Queensbridge-Ravenswood-Long Island City,Queens
Lenox Hill-Roosevelt Island,Manhattan
Upper East Side-Carnegie Hill,Manhattan
Lenox Hill-Roosevelt Island,Manhattan
Lenox Hill-Roosevelt Island,Manhattan
Upper East Side-Carnegie Hill,Manhattan
Lenox Hill-Roosevelt Island,Manhattan
Lenox Hill-Roosevelt Island,Manhattan
Lenox Hill-Roosevelt Island,Manhattan
Upper East Side-Carnegie Hill,Manhattan
Upper East Side-Carnegie Hill,Manhattan
Upper East Side-Carnegie Hill,Manhattan
Yorkville,Manhattan
Yorkville,Manhattan
Yorkville,Manhattan
Yorkville,Manhattan
Lenox Hill-Roosevelt Island,Manhattan
Upper East Side-Carnegie Hill,Manhattan
Lenox Hill-Roosevelt Island,Manhattan
Yorkville,Manhattan
Lincoln Square,Manhattan
Lincoln Square,Manhattan
park-cemetery-etc-Manhattan,Manhattan
Upper West Side,Manhattan
park-cemetery-etc-Manhattan,Manhattan
Lincoln Square,Manhattan
park-cemetery-etc-Manhattan,Manhattan
Upper West Side,Manhattan
Lincoln Square,Manhattan
Upper West Side,Manhattan
Upper West Side,Manhattan
Upper West Side,Manhattan
Lincoln Square,Manhattan
Lincoln Square,Manhattan
Lincoln Square,Manhattan
Upper West Side,Manhattan
Upper West Side,Manhattan
Bushwick South,Brooklyn
park-cemetery-etc-Manhattan,Manhattan
Hunters Point-Sunnyside-West Maspeth,Queens
Upper West Side,Manhattan
Upper East Side-Carnegie Hill,Manhattan
DUMBO-Vinegar Hill-Downtown Brooklyn-Boerum Hill,Brooklyn
Midtown-Midtown South,Manhattan
Murray Hill-Kips Bay,Manhattan
Clinton,Manhattan
Bedford,Brooklyn
Brooklyn Heights-Cobble Hill,Brooklyn
Turtle Bay-East Midtown,Manhattan
West Village,Manhattan
Brooklyn Heights-Cobble Hill,Brooklyn
Bedford,Brooklyn
park-cemetery-etc-Manhattan,Manhattan
Hudson Yards-Chelsea-Flatiron-Union Square,Manhattan
SoHo-TriBeCa-Civic Center-Little Italy,Manhattan
Hudson Yards-Chelsea-Flatiron-Union Square,Manhattan
West Village,Manhattan
park-cemetery-etc-Manhattan,Manhattan
Upper West Side,Manhattan
Upper East Side-Carnegie Hill,Manhattan
Upper West Side,Manhattan
Yorkville,Manhattan
Upper West Side,Manhattan
Yorkville,Manhattan
Upper West Side,Manhattan
Yorkville,Manhattan
Upper West Side,Manhattan
Upper East Side-Carnegie Hill,Manhattan
Yorkville,Manhattan
Park Slope-Gowanus,Brooklyn
DUMBO-Vinegar Hill-Downtown Brooklyn-Boerum Hill,Brooklyn
East Harlem South,Manhattan
Upper West Side,Manhattan
Upper West Side,Manhattan
DUMBO-Vinegar Hill-Downtown Brooklyn-Boerum Hill,Brooklyn
Park Slope-Gowanus,Brooklyn
Yorkville,Manhattan
Park Slope-Gowanus,Brooklyn
Upper West Side,Manhattan
Carroll Gardens-Columbia Street-Red Hook,Brooklyn
East Harlem South,Manhattan
Park Slope-Gowanus,Brooklyn
Carroll Gardens-Columbia Street-Red Hook,Brooklyn
Yorkville,Manhattan
Park Slope-Gowanus,Brooklyn
Upper West Side,Manhattan
Carroll Gardens-Columbia Street-Red Hook,Brooklyn
Park Slope-Gowanus,Brooklyn
Yorkville,Manhattan
Park Slope-Gowanus,Brooklyn
Carroll Gardens-Columbia Street-Red Hook,Brooklyn
Park Slope-Gowanus,Brooklyn
Upper West Side,Manhattan
Park Slope-Gowanus,Brooklyn
Upper East Side-Carnegie Hill,Manhattan
Carroll Gardens-Columbia Street-Red Hook,Brooklyn
East Harlem South,Manhattan
Upper West Side,Manhattan
Carroll Gardens-Columbia Street-Red Hook,Brooklyn
Carroll Gardens-Columbia Street-Red Hook,Brooklyn
Upper West Side,Manhattan
Carroll Gardens-Columbia Street-Red Hook,Brooklyn
Carroll Gardens-Columbia Street-Red Hook,Brooklyn
Park Slope-Gowanus,Brooklyn
East Harlem South,Manhattan
Carroll Gardens-Columbia Street-Red Hook,Brooklyn
East Harlem South,Manhattan
Park Slope-Gowanus,Brooklyn
Carroll Gardens-Columbia Street-Red Hook,Brooklyn
Carroll Gardens-Columbia Street-Red Hook,Brooklyn
Morningside Heights,Manhattan
Carroll Gardens-Columbia Street-Red Hook,Brooklyn
East Harlem South,Manhattan
Park Slope-Gowanus,Brooklyn
Carroll Gardens-Columbia Street-Red Hook,Brooklyn
Carroll Gardens-Columbia Street-Red Hook,Brooklyn
Park Slope-Gowanus,Brooklyn
Upper West Side,Manhattan
East Harlem South,Manhattan
Carroll Gardens-Columbia Street-Red Hook,Brooklyn
Upper East Side-Carnegie Hill,Manhattan
Lincoln Square,Manhattan
Morningside Heights,Manhattan
Park Slope-Gowanus,Brooklyn
Upper East Side-Carnegie Hill,Manhattan
Park Slope-Gowanus,Brooklyn
Upper East Side-Carnegie Hill,Manhattan
East Harlem South,Manhattan
Park Slope-Gowanus,Brooklyn
Park Slope-Gowanus,Brooklyn
Morningside Heights,Manhattan
East Harlem South,Manhattan
Park Slope-Gowanus,Brooklyn
Yorkville,Manhattan
Lenox Hill-Roosevelt Island,Manhattan
Lenox Hill-Roosevelt Island,Manhattan
Park Slope-Gowanus,Brooklyn
Upper East Side-Carnegie Hill,Manhattan
Lenox Hill-Roosevelt Island,Manhattan
Carroll Gardens-Columbia Street-Red Hook,Brooklyn
Upper East Side-Carnegie Hill,Manhattan
East Harlem South,Manhattan
Carroll Gardens-Columbia Street-Red Hook,Brooklyn
Carroll Gardens-Columbia Street-Red Hook,Brooklyn
Morningside Heights,Manhattan
Carroll Gardens-Columbia Street-Red Hook,Brooklyn
Carroll Gardens-Columbia Street-Red Hook,Brooklyn
East Harlem South,Manhattan
Carroll Gardens-Columbia Street-Red Hook,Brooklyn
Carroll Gardens-Columbia Street-Red Hook,Brooklyn
East Harlem South,Manhattan
East Harlem South,Manhattan
Carroll Gardens-Columbia Street-Red Hook,Brooklyn
Carroll Gardens-Columbia Street-Red Hook,Brooklyn
Carroll Gardens-Columbia Street-Red Hook,Brooklyn
Carroll Gardens-Columbia Street-Red Hook,Brooklyn
Carroll Gardens-Columbia Street-Red Hook,Brooklyn
Carroll Gardens-Columbia Street-Red Hook,Brooklyn
Carroll Gardens-Columbia Street-Red Hook,Brooklyn
Park Slope-Gowanus,Brooklyn
East Harlem South,Manhattan
Brooklyn Heights-Cobble Hill,Brooklyn
Park Slope-Gowanus,Brooklyn
Park Slope-Gowanus,Brooklyn
Park Slope-Gowanus,Brooklyn
Park Slope-Gowanus,Brooklyn
Carroll Gardens-Columbia Street-Red Hook,Brooklyn
DUMBO-Vinegar Hill-Downtown Brooklyn-Boerum Hill,Brooklyn
DUMBO-Vinegar Hill-Downtown Brooklyn-Boerum Hill,Brooklyn
DUMBO-Vinegar Hill-Downtown Brooklyn-Boerum Hill,Brooklyn
DUMBO-Vinegar Hill-Downtown Brooklyn-Boerum Hill,Brooklyn
Park Slope-Gowanus,Brooklyn
Prospect Heights,Brooklyn
Prospect Heights,Brooklyn
Park Slope-Gowanus,Brooklyn
Park Slope-Gowanus,Brooklyn
Park Slope-Gowanus,Brooklyn
Park Slope-Gowanus,Brooklyn
DUMBO-Vinegar Hill-Downtown Brooklyn-Boerum Hill,Brooklyn
Carroll Gardens-Columbia Street-Red Hook,Brooklyn
East Harlem South,Manhattan
East Harlem South,Manhattan
Fort Greene,Brooklyn
East Williamsburg,Brooklyn
park-cemetery-etc-Manhattan,Manhattan
SoHo-TriBeCa-Civic Center-Little Italy,Manhattan
Upper West Side,Manhattan
DUMBO-Vinegar Hill-Downtown Brooklyn-Boerum Hill,Brooklyn
Midtown-Midtown South,Manhattan
North Side-South Side,Brooklyn
East Williamsburg,Brooklyn
East Williamsburg,Brooklyn
East Williamsburg,Brooklyn
Midtown-Midtown South,Manhattan
SoHo-TriBeCa-Civic Center-Little Italy,Manhattan
Turtle Bay-East Midtown,Manhattan
Gramercy,Manhattan
SoHo-TriBeCa-Civic Center-Little Italy,Manhattan
Greenpoint,Brooklyn
Hudson Yards-Chelsea-Flatiron-Union Square,Manhattan
Sunset Park West,Brooklyn
Sunset Park West,Brooklyn
park-cemetery-etc-Manhattan,Manhattan
DUMBO-Vinegar Hill-Downtown Brooklyn-Boerum Hill,Brooklyn
park-cemetery-etc-Manhattan,Manhattan
park-cemetery-etc-Manhattan,Manhattan
park-cemetery-etc-Manhattan,Manhattan
park-cemetery-etc-Manhattan,Manhattan
park-cemetery-etc-Manhattan,Manhattan
park-cemetery-etc-Manhattan,Manhattan
park-cemetery-etc-Manhattan,Manhattan
park-cemetery-etc-Manhattan,Manhattan
park-cemetery-etc-Manhattan,Manhattan
park-cemetery-etc-Manhattan,Manhattan
park-cemetery-etc-Manhattan,Manhattan
park-cemetery-etc-Manhattan,Manhattan
East Harlem South,Manhattan
park-cemetery-etc-Manhattan,Manhattan
park-cemetery-etc-Manhattan,Manhattan
park-cemetery-etc-Manhattan,Manhattan
park-cemetery-etc-Manhattan,Manhattan
park-cemetery-etc-Manhattan,Manhattan
park-cemetery-etc-Manhattan,Manhattan
park-cemetery-etc-Manhattan,Manhattan
park-cemetery-etc-Manhattan,Manhattan
park-cemetery-etc-Manhattan,Manhattan
Steinway,Queens
park-cemetery-etc-Queens,Queens
Steinway,Queens
Old Astoria,Queens
Steinway,Queens
park-cemetery-etc-Manhattan,Manhattan
park-cemetery-etc-Manhattan,Manhattan
park-cemetery-etc-Manhattan,Manhattan
Steinway,Queens
Steinway,Queens
Steinway,Queens
Steinway,Queens
Steinway,Queens
park-cemetery-etc-Manhattan,Manhattan
Steinway,Queens
Central Harlem North-Polo Grounds,Manhattan
Steinway,Queens
Central Harlem North-Polo Grounds,Manhattan
park-cemetery-etc-Queens,Queens
Central Harlem North-Polo Grounds,Manhattan
park-cemetery-etc-Manhattan,Manhattan
park-cemetery-etc-Manhattan,Manhattan
Morningside Heights,Manhattan
Prospect Heights,Brooklyn
Morningside Heights,Manhattan
Morningside Heights,Manhattan
Morningside Heights,Manhattan
Morningside Heights,Manhattan
Morningside Heights,Manhattan
Morningside Heights,Manhattan
Prospect Heights,Brooklyn
Morningside Heights,Manhattan
Crown Heights North,Brooklyn
Morningside Heights,Manhattan
Prospect Heights,Brooklyn
park-cemetery-etc-Manhattan,Manhattan
Morningside Heights,Manhattan
park-cemetery-etc-Manhattan,Manhattan
Queensbridge-Ravenswood-Long Island City,Queens
Queensbridge-Ravenswood-Long Island City,Queens
Queensbridge-Ravenswood-Long Island City,Queens
Prospect Heights,Brooklyn
Queensbridge-Ravenswood-Long Island City,Queens
Queensbridge-Ravenswood-Long Island City,Queens
Crown Heights North,Brooklyn
Queensbridge-Ravenswood-Long Island City,Queens
Astoria,Queens
Queensbridge-Ravenswood-Long Island City,Queens
Astoria,Queens
Queensbridge-Ravenswood-Long Island City,Queens
Astoria,Queens
Crown Heights North,Brooklyn
Astoria,Queens
Crown Heights North,Brooklyn
Astoria,Queens
Astoria,Queens
Prospect Heights,Brooklyn
Astoria,Queens
Prospect Heights,Brooklyn
Queensbridge-Ravenswood-Long Island City,Queens
Crown Heights North,Brooklyn
Crown Heights North,Brooklyn
Prospect Heights,Brooklyn
Prospect Heights,Brooklyn
Crown Heights North,Brooklyn
Crown Heights North,Brooklyn
Crown Heights South,Brooklyn
Queensbridge-Ravenswood-Long Island City,Queens
Crown Heights South,Brooklyn
Astoria,Queens
Astoria,Queens
Crown Heights South,Brooklyn
Astoria,Queens
Astoria,Queens
Astoria,Queens
Astoria,Queens
Prospect Lefferts Gardens-Wingate,Brooklyn
Astoria,Queens
Astoria,Queens
Prospect Lefferts Gardens-Wingate,Brooklyn
Astoria,Queens
Prospect Lefferts Gardens-Wingate,Brooklyn
Astoria,Queens
Astoria,Queens
Prospect Lefferts Gardens-Wingate,Brooklyn
Old Astoria,Queens
Hunters Point-Sunnyside-West Maspeth,Queens
Astoria,Queens
Hunters Point-Sunnyside-West Maspeth,Queens
Old Astoria,Queens
Old Astoria,Queens
Hunters Point-Sunnyside-West Maspeth,Queens
Old Astoria,Queens
Hunters Point-Sunnyside-West Maspeth,Queens
Old Astoria,Queens
Hunters Point-Sunnyside-West Maspeth,Queens
Astoria,Queens
Astoria,Queens
Hunters Point-Sunnyside-West Maspeth,Queens
Old Astoria,Queens
Hunters Point-Sunnyside-West Maspeth,Queens
Old Astoria,Queens
Central Harlem North-Polo Grounds,Manhattan
Morningside Heights,Manhattan
park-cemetery-etc-Manhattan,Manhattan
park-cemetery-etc-Manhattan,Manhattan
park-cemetery-etc-Manhattan,Manhattan
Clinton Hill,Brooklyn
Hudson Yards-Chelsea-Flatiron-Union Square,Manhattan
Queensbridge-Ravenswood-Long Island City,Queens
Hunters Point-Sunnyside-West Maspeth,Queens
park-cemetery-etc-Brooklyn,Brooklyn
Manhattanville,Manhattan
Queensbridge-Ravenswood-Long Island City,Queens
East Village,Manhattan
Hudson Yards-Chelsea-Flatiron-Union Square,Manhattan
Crown Heights South,Brooklyn
SoHo-TriBeCa-Civic Center-Little Italy,Manhattan
Greenpoint,Brooklyn
Yorkville,Manhattan
Crown Heights North,Brooklyn
DUMBO-Vinegar Hill-Downtown Brooklyn-Boerum Hill,Brooklyn
Carroll Gardens-Columbia Street-Red Hook,Brooklyn
Midtown-Midtown South,Manhattan
West Village,Manhattan
Murray Hill-Kips Bay,Manhattan
Upper West Side,Manhattan
Battery Park City-Lower Manhattan,Manhattan
Astoria,Queens
North Side-South Side,Brooklyn
Lincoln Square,Manhattan
Clinton,Manhattan
Hunters Point-Sunnyside-West Maspeth,Queens
Gramercy,Manhattan
West Village,Manhattan
Hudson Yards-Chelsea-Flatiron-Union Square,Manhattan
East Village,Manhattan
Hudson Yards-Chelsea-Flatiron-Union Square,Manhattan
Williamsburg,Brooklyn
North Side-South Side,Brooklyn
Queensbridge-Ravenswood-Long Island City,Queens
East Village,Manhattan
Old Astoria,Queens
DUMBO-Vinegar Hill-Downtown Brooklyn-Boerum Hill,Brooklyn
Midtown-Midtown South,Manhattan
Lenox Hill-Roosevelt Island,Manhattan
Hunters Point-Sunnyside-West Maspeth,Queens
North Side-South Side,Brooklyn
Brooklyn Heights-Cobble Hill,Brooklyn
Midtown-Midtown South,Manhattan
Stuyvesant Town-Cooper Village,Manhattan
Turtle Bay-East Midtown,Manhattan
Hudson Yards-Chelsea-Flatiron-Union Square,Manhattan
Lower East Side,Manhattan
Chinatown,Manhattan
Chinatown,Manhattan
West Village,Manhattan
SoHo-TriBeCa-Civic Center-Little Italy,Manhattan
East Village,Manhattan
Astoria,Queens
SoHo-TriBeCa-Civic Center-Little Italy,Manhattan
Murray Hill-Kips Bay,Manhattan
Bedford,Brooklyn
Bushwick South,Brooklyn
Bushwick South,Brooklyn
Bushwick South,Brooklyn
Bushwick North,Brooklyn
Bushwick North,Brooklyn
Bushwick South,Brooklyn
Park Slope-Gowanus,Brooklyn
Bushwick North,Brooklyn
Bushwick South,Brooklyn
Bushwick South,Brooklyn
East Williamsburg,Brooklyn
East Williamsburg,Brooklyn
Bushwick South,Brooklyn
Bushwick South,Brooklyn
Bushwick South,Brooklyn
Bushwick South,Brooklyn
East Williamsburg,Brooklyn
Bushwick North,Brooklyn
Bushwick North,Brooklyn
Bushwick North,Brooklyn
Bushwick South,Brooklyn
Bushwick North,Brooklyn
Bushwick North,Brooklyn
Bushwick North,Brooklyn
Bushwick North,Brooklyn
Bushwick North,Brooklyn
Brooklyn Heights-Cobble Hill,Brooklyn
park-cemetery-etc-Manhattan,Manhattan
Midtown-Midtown South,Manhattan
Chinatown,Manhattan
park-cemetery-etc-Brooklyn,Brooklyn
Clinton Hill,Brooklyn
Brooklyn Heights-Cobble Hill,Brooklyn
Park Slope-Gowanus,Brooklyn
Midtown-Midtown South,Manhattan
Midtown-Midtown South,Manhattan
Crown Heights South,Brooklyn
DUMBO-Vinegar Hill-Downtown Brooklyn-Boerum Hill,Brooklyn
Queensbridge-Ravenswood-Long Island City,Queens
Midtown-Midtown South,Manhattan
Old Astoria,Queens
West Village,Manhattan
Hudson Yards-Chelsea-Flatiron-Union Square,Manhattan
Midtown-Midtown South,Manhattan
Turtle Bay-East Midtown,Manhattan
East Williamsburg,Brooklyn
East Williamsburg,Brooklyn
Greenpoint,Brooklyn
Greenpoint,Brooklyn
Bushwick South,Brooklyn
Bushwick South,Brooklyn
Bushwick South,Brooklyn
Bushwick South,Brooklyn
Ocean Hill,Brooklyn
Bushwick South,Brooklyn
Bushwick South,Brooklyn
Ocean Hill,Brooklyn
Bushwick South,Brooklyn
Bushwick South,Brooklyn
Bushwick South,Brooklyn
Bushwick South,Brooklyn
Bushwick South,Brooklyn
Bushwick South,Brooklyn
Bushwick North,Brooklyn
Bushwick North,Brooklyn
Bushwick South,Brooklyn
Bushwick South,Brooklyn
Bushwick South,Brooklyn
Bushwick North,Brooklyn
Bushwick North,Brooklyn
Bushwick South,Brooklyn
Bushwick South,Brooklyn
Bushwick North,Brooklyn
Bushwick North,Brooklyn
Bushwick North,Brooklyn
Bushwick South,Brooklyn
Bushwick South,Brooklyn
Bushwick South,Brooklyn
Bushwick North,Brooklyn
Bushwick North,Brooklyn
East Williamsburg,Brooklyn
Bushwick North,Brooklyn
Bushwick North,Brooklyn
East Williamsburg,Brooklyn
East Williamsburg,Brooklyn
Greenpoint,Brooklyn
Greenpoint,Brooklyn
Greenpoint,Brooklyn
Greenpoint,Brooklyn
Bushwick South,Brooklyn
Bushwick North,Brooklyn
Bushwick North,Brooklyn
Bushwick South,Brooklyn
Bushwick South,Brooklyn
Bushwick North,Brooklyn
Bushwick North,Brooklyn
Ocean Hill,Brooklyn
Bushwick North,Brooklyn
Bushwick South,Brooklyn
Bushwick South,Brooklyn
Bushwick South,Brooklyn
Ridgewood,Queens
Ridgewood,Queens
Ridgewood,Queens
Ridgewood,Queens
Ridgewood,Queens
Ridgewood,Queens
Ridgewood,Queens
Bushwick South,Brooklyn
Ridgewood,Queens
Manhattanville,Manhattan
Ridgewood,Queens
Ridgewood,Queens
Ridgewood,Queens
Ridgewood,Queens
Ridgewood,Queens
Ridgewood,Queens
Ridgewood,Queens
Bushwick South,Brooklyn
Bushwick North,Brooklyn
Queensbridge-Ravenswood-Long Island City,Queens
Ocean Hill,Brooklyn
Ridgewood,Queens
Ridgewood,Queens
Ridgewood,Queens
Lenox Hill-Roosevelt Island,Manhattan
Greenpoint,Brooklyn
East Williamsburg,Brooklyn
Ridgewood,Queens
Ridgewood,Queens
Bushwick South,Brooklyn
West Village,Manhattan
Battery Park City-Lower Manhattan,Manhattan
Bushwick South,Brooklyn
Ridgewood,Queens
Ridgewood,Queens
DUMBO-Vinegar Hill-Downtown Brooklyn-Boerum Hill,Brooklyn
park-cemetery-etc-Brooklyn,Brooklyn
Upper West Side,Manhattan
park-cemetery-etc-Manhattan,Manhattan
Fort Greene,Brooklyn
Lower East Side,Manhattan
Battery Park City-Lower Manhattan,Manhattan
park-cemetery-etc-Manhattan,Manhattan
park-cemetery-etc-Manhattan,Manhattan
park-cemetery-etc-Manhattan,Manhattan
park-cemetery-etc-Manhattan,Manhattan
park-cemetery-etc-Manhattan,Manhattan
park-cemetery-etc-Manhattan,Manhattan
Central Harlem North-Polo Grounds,Manhattan
Central Harlem North-Polo Grounds,Manhattan
Central Harlem North-Polo Grounds,Manhattan
park-cemetery-etc-Manhattan,Manhattan
park-cemetery-etc-Manhattan,Manhattan
park-cemetery-etc-Manhattan,Manhattan
park-cemetery-etc-Manhattan,Manhattan
West Concourse,Bronx
Central Harlem North-Polo Grounds,Manhattan
Manhattanville,Manhattan
Manhattanville,Manhattan
park-cemetery-etc-Manhattan,Manhattan
park-cemetery-etc-Manhattan,Manhattan
Mott Haven-Port Morris,Bronx
Mott Haven-Port Morris,Bronx
Mott Haven-Port Morris,Bronx
Manhattanville,Manhattan
Manhattanville,Manhattan
Manhattanville,Manhattan
park-cemetery-etc-Manhattan,Manhattan
Mott Haven-Port Morris,Bronx
Mott Haven-Port Morris,Bronx
park-cemetery-etc-Manhattan,Manhattan
park-cemetery-etc-Manhattan,Manhattan
Mott Haven-Port Morris,Bronx
Central Harlem North-Polo Grounds,Manhattan
Mott Haven-Port Morris,Bronx
Mott Haven-Port Morris,Bronx
park-cemetery-etc-Manhattan,Manhattan
Hamilton Heights,Manhattan
Hamilton Heights,Manhattan
park-cemetery-etc-Manhattan,Manhattan
Melrose South-Mott Haven North,Bronx
Mott Haven-Port Morris,Bronx
Melrose South-Mott Haven North,Bronx
Mott Haven-Port Morris,Bronx
Hamilton Heights,Manhattan
Melrose South-Mott Haven North,Bronx
Melrose South-Mott Haven North,Bronx
Melrose South-Mott Haven North,Bronx
Melrose South-Mott Haven North,Bronx
Hamilton Heights,Manhattan
Melrose South-Mott Haven North,Bronx
Melrose South-Mott Haven North,Bronx
Melrose South-Mott Haven North,Bronx
Melrose South-Mott Haven North,Bronx
Hamilton Heights,Manhattan
Central Harlem North-Polo Grounds,Manhattan
Melrose South-Mott Haven North,Bronx
Melrose South-Mott Haven North,Bronx
Hamilton Heights,Manhattan
Melrose South-Mott Haven North,Bronx
park-cemetery-etc-Manhattan,Manhattan
Mott Haven-Port Morris,Bronx
park-cemetery-etc-Manhattan,Manhattan
park-cemetery-etc-Manhattan,Manhattan
Washington Heights South,Manhattan
park-cemetery-etc-Manhattan,Manhattan
park-cemetery-etc-Manhattan,Manhattan
park-cemetery-etc-Manhattan,Manhattan
Central Harlem North-Polo Grounds,Manhattan
Central Harlem North-Polo Grounds,Manhattan
Central Harlem North-Polo Grounds,Manhattan
Central Harlem North-Polo Grounds,Manhattan
Central Harlem North-Polo Grounds,Manhattan
Central Harlem North-Polo Grounds,Manhattan
Central Harlem North-Polo Grounds,Manhattan
park-cemetery-etc-Manhattan,Manhattan
park-cemetery-etc-Manhattan,Manhattan
Hamilton Heights,Manhattan
Hamilton Heights,Manhattan
Hamilton Heights,Manhattan
Hamilton Heights,Manhattan
Melrose South-Mott Haven North,Bronx
Hamilton Heights,Manhattan
Hamilton Heights,Manhattan
Hamilton Heights,Manhattan
Central Harlem North-Polo Grounds,Manhattan
Central Harlem North-Polo Grounds,Manhattan
park-cemetery-etc-Manhattan,Manhattan
Manhattanville,Manhattan
park-cemetery-etc-Manhattan,Manhattan
Hamilton Heights,Manhattan
park-cemetery-etc-Manhattan,Manhattan
Central Harlem North-Polo Grounds,Manhattan
Central Harlem North-Polo Grounds,Manhattan
Central Harlem North-Polo Grounds,Manhattan
Hamilton Heights,Manhattan
Hamilton Heights,Manhattan
Central Harlem North-Polo Grounds,Manhattan
park-cemetery-etc-Manhattan,Manhattan
Melrose South-Mott Haven North,Bronx
Melrose South-Mott Haven North,Bronx
Melrose South-Mott Haven North,Bronx
Hamilton Heights,Manhattan
Hamilton Heights,Manhattan
Lenox Hill-Roosevelt Island,Manhattan
Hudson Yards-Chelsea-Flatiron-Union Square,Manhattan
Central Harlem North-Polo Grounds,Manhattan
Upper West Side,Manhattan
Hudson Yards-Chelsea-Flatiron-Union Square,Manhattan
Lincoln Square,Manhattan
park-cemetery-etc-Manhattan,Manhattan
park-cemetery-etc-Manhattan,Manhattan
park-cemetery-etc-Manhattan,Manhattan
park-cemetery-etc-Manhattan,Manhattan
park-cemetery-etc-Manhattan,Manhattan
park-cemetery-etc-Manhattan,Manhattan
Washington Heights South,Manhattan
Washington Heights South,Manhattan
park-cemetery-etc-Manhattan,Manhattan
park-cemetery-etc-Manhattan,Manhattan
Midtown-Midtown South,Manhattan
park-cemetery-etc-Manhattan,Manhattan
Washington Heights South,Manhattan
park-cemetery-etc-Manhattan,Manhattan
Mott Haven-Port Morris,Bronx
park-cemetery-etc-Manhattan,Manhattan
park-cemetery-etc-Manhattan,Manhattan
Washington Heights North,Manhattan
Washington Heights South,Manhattan
Washington Heights South,Manhattan
Washington Heights South,Manhattan
Midtown-Midtown South,Manhattan
Midtown-Midtown South,Manhattan
Upper West Side,Manhattan
West Concourse,Bronx
park-cemetery-etc-Manhattan,Manhattan
East Concourse-Concourse Village,Bronx
West Concourse,Bronx
West Concourse,Bronx
West Concourse,Bronx
West Concourse,Bronx
East Concourse-Concourse Village,Bronx
East Concourse-Concourse Village,Bronx
Highbridge,Bronx
Highbridge,Bronx
Highbridge,Bronx
West Concourse,Bronx
Highbridge,Bronx
Highbridge,Bronx
West Concourse,Bronx
East Concourse-Concourse Village,Bronx
West Concourse,Bronx
East Concourse-Concourse Village,Bronx
Highbridge,Bronx
East Concourse-Concourse Village,Bronx
West Concourse,Bronx
West Concourse,Bronx
Highbridge,Bronx
Manhattanville,Manhattan
park-cemetery-etc-Manhattan,Manhattan
Highbridge,Bronx
park-cemetery-etc-Bronx,Bronx
Claremont-Bathgate,Bronx
park-cemetery-etc-Manhattan,Manhattan
Lower East Side,Manhattan
park-cemetery-etc-Manhattan,Manhattan
park-cemetery-etc-Manhattan,Manhattan
West Concourse,Bronx
Battery Park City-Lower Manhattan,Manhattan
Murray Hill-Kips Bay,Manhattan
Turtle Bay-East Midtown,Manhattan
Upper West Side,Manhattan
Upper West Side,Manhattan
park-cemetery-etc-Manhattan,Manhattan
West Concourse,Bronx
West Concourse,Bronx
Highbridge,Bronx
East Concourse-Concourse Village,Bronx
Highbridge,Bronx
East Concourse-Concourse Village,Bronx
West Concourse,Bronx
Longwood,Bronx
Longwood,Bronx
Longwood,Bronx
Longwood,Bronx
Morrisania-Melrose,Bronx
Morrisania-Melrose,Bronx
Morrisania-Melrose,Bronx
Longwood,Bronx
Hunts Point,Bronx
Hunts Point,Bronx
Hunts Point,Bronx
Hunts Point,Bronx
Longwood,Bronx
Morrisania-Melrose,Bronx
Claremont-Bathgate,Bronx
Claremont-Bathgate,Bronx
Morrisania-Melrose,Bronx
Longwood,Bronx
Hunts Point,Bronx
Morrisania-Melrose,Bronx
Claremont-Bathgate,Bronx
Morrisania-Melrose,Bronx
Claremont-Bathgate,Bronx
Claremont-Bathgate,Bronx
Crotona Park East,Bronx
East Concourse-Concourse Village,Bronx
West Concourse,Bronx
East Concourse-Concourse Village,Bronx
park-cemetery-etc-Bronx,Bronx
East Concourse-Concourse Village,Bronx
Claremont-Bathgate,Bronx
Claremont-Bathgate,Bronx
park-cemetery-etc-Manhattan,Manhattan
Washington Heights South,Manhattan
East Concourse-Concourse Village,Bronx
West Concourse,Bronx
Longwood,Bronx
Longwood,Bronx
Washington Heights South,Manhattan
Highbridge,Bronx
East Concourse-Concourse Village,Bronx
Battery Park City-Lower Manhattan,Manhattan
East Concourse-Concourse Village,Bronx
West Concourse,Bronx
Claremont-Bathgate,Bronx
Longwood,Bronx
East Concourse-Concourse Village,Bronx
Highbridge,Bronx
East Concourse-Concourse Village,Bronx
